-- Fix for the world profession trainer. ( Lien Farner, Goldshire as a guineapig )

DELETE FROM `world`.`creature_template` WHERE entry = 47384;
INSERT INTO `world`.`creature_template` (`entry`, `difficulty_entry_1`, `difficulty_entry_2`, `difficulty_entry_3`, `KillCredit1`, `KillCredit2`, `modelid1`, `modelid2`, `modelid3`, `modelid4`, `name`, `femaleName`, `subname`, `TitleAlt`, `IconName`, `gossip_menu_id`, `minlevel`, `maxlevel`, `HealthScalingExpansion`, `RequiredExpansion`, `VignetteID`, `faction`, `npcflag`, `speed_walk`, `speed_run`, `scale`, `rank`, `dmgschool`, `BaseAttackTime`, `RangeAttackTime`, `BaseVariance`, `RangeVariance`, `unit_class`, `unit_flags`, `unit_flags2`, `unit_flags3`, `dynamicflags`, `family`, `trainer_class`, `type`, `type_flags`, `type_flags2`, `lootid`, `pickpocketloot`, `skinloot`, `resistance1`, `resistance2`, `resistance3`, `resistance4`, `resistance5`, `resistance6`, `spell1`, `spell2`, `spell3`, `spell4`, `spell5`, `spell6`, `spell7`, `spell8`, `VehicleId`, `mingold`, `maxgold`, `AIName`, `MovementType`, `InhabitType`, `HoverHeight`, `HealthModifier`, `HealthModifierExtra`, `ManaModifier`, `ManaModifierExtra`, `ArmorModifier`, `DamageModifier`, `ExperienceModifier`, `RacialLeader`, `movementId`, `RegenHealth`, `mechanic_immune_mask`, `flags_extra`, `ScriptName`, `VerifiedBuild`) VALUES 
(47384, 0, 0, 0, 0, 0, 35576, 0, 0, 0, 'Lien Farner', '', 'Profession Trainer', NULL, '', 500000, 10, 10, 0, 0, 0, 12, 17, 1, 1.14286, 1, 0, 0, 2000, 2000, 1, 1, 1, 0, 2048, 0, 0, 0, 2, 7, 0, 0, 0, 0, 0, 0, 0, 0, 0, 0, 0, 0, 0, 0, 0, 0, 0, 0, 0, 0, 0, 0, '', 0, 3, 1, 1, 1, 1, 1, 1, 1, 1, 0, 0, 1, 0, 0, '', 25549);


-- gossip_menu

DELETE FROM `world`.`gossip_menu` WHERE `MenuId` BETWEEN 500000 AND 500013;
INSERT INTO `world`.`gossip_menu` (`MenuId`, `TextId`, `VerifiedBuild`) VALUES 
(500013, 17127, 0), 
(500012, 17135, 0), 
(500011, 17133, 0), 
(500010, 17138, 0), 
(500009, 17137, 0), 
(500008, 17136, 0), 
(500007, 17134, 0), 
(500006, 17132, 0), 
(500005, 17130, 0), 
(500004, 17129, 0), 
(500003, 17131, 0), 
(500002, 17128, 0), 
(500001, 17126, 0), 
(500000, 17125, 0);

-- gossip_menu_option

DELETE FROM `world`.`gossip_menu_option` WHERE `MenuId` BETWEEN 500000 AND 500013;
INSERT INTO `world`.`gossip_menu_option` (`MenuId`, `OptionIndex`, `OptionIcon`, `OptionText`, `OptionBroadcastTextId`, `OptionType`, `OptionNpcFlag`, `VerifiedBuild`) VALUES 
(500013, 6, 0, 'Tell me about gathering professions.', 47106, 1, 1, 26124), 
(500013, 5, 0, 'Tell me about Tailoring.', 47152, 1, 1, 26124), 
(500013, 4, 0, 'Tell me about Inscription.', 47149, 1, 1, 26124), 
(500013, 3, 0, 'Tell me about Engineering.', 47148, 1, 1, 26124), 
(500013, 2, 0, 'Tell me about Enchanting.', 47147, 1, 1, 26124), 
(500013, 1, 0, 'Tell me about Blacksmithing.', 47146, 1, 1, 26124), 
(500013, 0, 0, 'Tell me about Achemy.', 47145, 1, 1, 26124), 
(500012, 1, 0, 'Tell me about Herbalism.', 47142, 1, 1, 26124), 
(500012, 0, 3, 'Train me in Inscription.', 0, 5, 16, 26124), 
(500011, 3, 0, 'Tell me about production professions.', 47107, 1, 1, 26124), 
(500011, 2, 0, 'Tell me about gathering professions.', 47106, 1, 1, 26124), 
(500011, 1, 0, 'Tell me about Tailoring.', 47152, 1, 1, 26124), 
(500011, 0, 3, 'Train me in Enchanting.', 47111, 5, 16, 26124), 
(500010, 3, 0, 'Tell me about production professions.', 47107, 1, 1, 26124), 
(500010, 2, 0, 'Tell me about gathering professions.', 47106, 1, 1, 26124), 
(500010, 1, 0, 'Tell me about Enchanting.', 47147, 1, 1, 26124), 
(500010, 0, 3, 'Train me in Tailoring.', 47118, 5, 16, 26124), 
(500009, 3, 0, 'Tell me about production professions.', 47107, 1, 1, 26124), 
(500009, 2, 0, 'Tell me about gathering professions.', 47106, 1, 1, 26124), 
(500009, 1, 0, 'Tell me about Skinning.', 47144, 1, 1, 26124), 
(500009, 0, 3, 'Train me in Leatherworking.', 47115, 5, 16, 26124), 
(500008, 3, 0, 'Tell me about production professions.', 47107, 1, 1, 26124), 
(500008, 2, 0, 'Tell me about gathering professions.', 47106, 1, 1, 26124), 
(500008, 1, 0, 'Tell me about Mining.', 47143, 1, 1, 26124), 
(500008, 0, 3, 'Train me in Jewelcrafting.', 47114, 5, 16, 26124), 
(500007, 3, 0, 'Tell me about production professions.', 47107, 1, 1, 0), 
(500007, 2, 0, 'Tell me about gathering professions.', 47106, 1, 1, 0), 
(500007, 1, 0, 'Tell me about Blacksmithing.', 47146, 1, 1, 26124), 
(500007, 0, 3, 'Train me in Engineering.', 47119, 5, 16, 26124), 
(500006, 3, 0, 'Tell me about production professions.', 47107, 1, 1, 26124), 
(500006, 2, 0, 'Tell me about gathering professions.', 47106, 1, 1, 26124), 
(500006, 1, 0, 'Tell me about mining.', 47143, 1, 1, 26124), 
(500006, 0, 3, 'Train me in Blacksmithing.', 47110, 5, 16, 26124), 
(500005, 3, 0, 'Tell me about production professions.', 47107, 1, 1, 26124), 
(500005, 2, 0, 'Tell me about gathering professions.', 47106, 1, 1, 26124), 
(500005, 1, 0, 'Tell me about Leatherworking.', 47151, 1, 1, 26124), 
(500005, 0, 3, 'Train me in Skinning.', 47117, 5, 16, 26124), 
(500004, 5, 0, 'Tell me about gathering professions.', 47107, 1, 1, 26124), 
(500004, 4, 0, 'Tell me about gathering professions.', 47106, 1, 1, 26124), 
(500004, 3, 0, 'Tell me about Jewelcrafting.', 47150, 1, 1, 26124), 
(500004, 2, 0, 'Tell me about Engineering.', 47148, 1, 1, 26124), 
(500004, 1, 0, 'Tell me about Blacksmithing.', 47146, 1, 1, 26124), 
(500004, 0, 3, 'Train me in Mining.', 47116, 5, 16, 26124), 
(500003, 3, 0, 'Tell me about production professions.', 47107, 1, 1, 26124), 
(500003, 2, 0, 'Tell me about gathering professions.', 47106, 1, 1, 26124), 
(500003, 1, 0, 'Tell me about Herbalism.', 47142, 1, 1, 26124), 
(500003, 0, 3, 'Train me in Alchemy.', 47109, 5, 16, 26124), 
(500002, 3, 0, 'Tell me about production professions.', 47107, 1, 1, 26124), 
(500002, 2, 0, 'Tell me about gathering professions.', 47106, 1, 1, 26124), 
(500002, 1, 0, 'Tell me about Alchemy.', 47145, 1, 1, 26124), 
(500002, 0, 3, 'Train me in Herbalism.', 47112, 5, 16, 26124), 
(500001, 3, 0, 'Tell me about production professions.', 47107, 1, 1, 26124), 
(500001, 2, 0, 'Tell me about Skinning.', 47144, 1, 1, 26124), 
(500001, 1, 0, 'Tell me about Mining.', 47143, 1, 1, 26124), 
(500001, 0, 0, 'Tell me about Herbalism.', 47142, 1, 1, 26124), 
(500000, 1, 0, 'Tell me about production professions.', 47107, 1, 1, 26124), 
(500000, 0, 0, 'Tell me about gathering professions.', 47106, 1, 1, 26124);

-- gossip_menu_option_action

DELETE FROM `world`.`gossip_menu_option_action` WHERE `MenuId` BETWEEN 500000 AND 500013;
INSERT INTO `world`.`gossip_menu_option_action` (`MenuId`, `OptionIndex`, `ActionMenuId`, `ActionPoiId`) VALUES 
(500013, 6, 500001, 0), 
(500013, 4, 500012, 0), 
(500013, 5, 500010, 0), 
(500013, 2, 500011, 0), 
(500013, 1, 500006, 0), 
(500013, 3, 500007, 0), 
(500013, 0, 500003, 0), 
(500012, 1, 500002, 0), 
(500012, 2, 500001, 0), 
(500012, 3, 500013, 0), 
(500011, 1, 500010, 0), 
(500011, 3, 500013, 0), 
(500011, 2, 500001, 0), 
(500010, 3, 500013, 0), 
(500010, 2, 500001, 0), 
(500010, 1, 500011, 0), 
(500009, 2, 500001, 0), 
(500009, 1, 500005, 0), 
(500009, 3, 500013, 0), 
(500008, 2, 500001, 0), 
(500008, 1, 500004, 0), 
(500008, 3, 500013, 0), 
(500007, 3, 500013, 0), 
(500007, 1, 500006, 0), 
(500007, 2, 500001, 0), 
(500006, 1, 500004, 0), 
(500006, 2, 500001, 0), 
(500006, 3, 500013, 0), 
(500005, 3, 500013, 0), 
(500005, 1, 500009, 0), 
(500005, 2, 500001, 0), 
(500004, 1, 500006, 0), 
(500004, 4, 500001, 0), 
(500004, 5, 500013, 0), 
(500004, 3, 500008, 0), 
(500004, 2, 500007, 0), 
(500003, 3, 500013, 0), 
(500003, 2, 500001, 0), 
(500003, 1, 500002, 0), 
(500002, 3, 500013, 0), 
(500002, 0, 500003, 0), 
(500002, 1, 500003, 0), 
(500002, 2, 500001, 0), 
(500001, 0, 500002, 0), 
(500001, 2, 500005, 0), 
(500001, 1, 500004, 0), 
(500001, 3, 500013, 0), 
(500000, 1, 500013, 0), 
(500000, 0, 500001, 0);

-- gossip_menu_trainer

DELETE FROM `world`.`gossip_menu_option_trainer` WHERE `MenuId` BETWEEN 500000 AND 500013;
INSERT INTO `world`.`gossip_menu_option_trainer` (`MenuId`, `OptionIndex`, `TrainerId`) VALUES 
(500012, 0, 63), 
(500011, 0, 62), 
(500010, 0, 117),
 (500009, 0, 103), 
(500008, 0, 48),
 (500007, 0, 407), 
(500006, 0, 80), 
(500005, 0, 390),
 (500004, 0, 389), 
(500003, 0, 122), 
(500002, 0, 388);
